<?xml version="1.0" encoding="UTF-8" ?>
<!DOCTYPE mapper
PUBLIC "-//mybatis.org//DTD Mapper 3.0//EN"
"http://mybatis.org/dtd/mybatis-3-mapper.dtd">
<mapper namespace="com.dao.OrdersDao">
	<!-- 根据用户uid查询订单信息 -->
	<select id="selectOrdersById" parameterType="Integer" resultType="com.po.Orders">
		select * from orders where user_id=#{id}
	</select>
	<!-- 多对多关联 查询所有订单以及每个订单对应的商品信息（嵌套结果） -->
	<resultMap type="com.po.Orders" id="allOrdersAndProducts">
		<id property="id" column="id"/>
		<result property="ordersn" column="ordersn"/>
		<!-- 多对多关联 -->
		<collection property="products" ofType="com.po.Product">
			<id property="id" column="pid"/>
			<result property="name" column="name"/>
			<result property="price" column="price"/>
		</collection>
	</resultMap>
	<select id="selectallOrdersAndProducts" resultMap="allOrdersAndProducts">
		select o.*,p.id as pid,p.name,p.price
		from orders o,orders_detail od,product p
		where od.orders_id = o.id 
		and od.product_id = p.id
	</select>
</mapper>