<?xml version="1.0" encoding="UTF-8"?>
<beans xmlns="http://www.springframework.org/schema/beans"
    xmlns:xsi="http://www.w3.org/2001/XMLSchema-instance"
    xmlns:context="http://www.springframework.org/schema/context"
    xmlns:mvc="http://www.springframework.org/schema/mvc"
    xsi:schemaLocation="
    	http://www.springframework.org/schema/beans 
    	http://www.springframework.org/schema/beans/spring-beans.xsd
        http://www.springframework.org/schema/context 
        http://www.springframework.org/schema/context/spring-context.xsd
        http://www.springframework.org/schema/mvc 
        http://www.springframework.org/schema/mvc/spring-mvc.xsd"> 
    <!-- 使用扫描机制，扫描控制器类 -->
    <context:component-scan base-package="controller"/>               	
  	<!-- 配置视图解析器 -->
  	<bean class="org.springframework.web.servlet.view.InternalResourceViewResolver"
            id="internalResourceViewResolver">
       <!-- 前缀 -->
       <property name="prefix" value="/WEB-INF/jsp/" />
       <!-- 后缀 -->
       <property name="suffix" value=".jsp" />
  	</bean>
  	<mvc:interceptors>
  		<!-- 配置一个全局拦截器，拦截所有请求 -->
  		<!--  <bean class="interceptor.TestInterceptor"/>-->
  		<mvc:interceptor>
  			<!-- 配置拦截器作用的路径 -->
  			<mvc:mapping path="/**"/>
  			<!-- 定义在<mvc:interceptor>元素中，表示匹配指定路径的请求才进行拦截 -->
  			<bean class="interceptor.Interceptor1"/>
  		</mvc:interceptor>
  		<mvc:interceptor>
  			<!-- 配置拦截器作用的路径 -->
  			<mvc:mapping path="/gotoTest"/>
  			<!-- 定义在<mvc:interceptor>元素中，表示匹配指定路径的请求才进行拦截 -->
  			<bean class="interceptor.Interceptor2"/>
  		</mvc:interceptor>
  	</mvc:interceptors>
</beans>
