<?xml version="1.0" encoding="UTF-8"?>
<beans xmlns="http://www.springframework.org/schema/beans"
    xmlns:xsi="http://www.w3.org/2001/XMLSchema-instance"
    xmlns:context="http://www.springframework.org/schema/context"
    xmlns:mvc="http://www.springframework.org/schema/mvc"
    xsi:schemaLocation="
    	http://www.springframework.org/schema/beans 
    	http://www.springframework.org/schema/beans/spring-beans.xsd
        http://www.springframework.org/schema/context 
        http://www.springframework.org/schema/context/spring-context.xsd
        http://www.springframework.org/schema/mvc 
        http://www.springframework.org/schema/mvc/spring-mvc.xsd"> 
    <!-- 使用扫描机制，扫描包 -->
    <context:component-scan base-package="controller"/> 
    <context:component-scan base-package="service"/> 
    <context:component-scan base-package="validator"/>
    <!-- 注册格式化转换器，因为用到日期转换-->  
    <bean id="conversionService" class="org.springframework.format.support.FormattingConversionServiceFactoryBean">
    </bean>  
    <mvc:annotation-driven conversion-service="conversionService"/>
    <!-- 配置消息属性文件 -->   
    <bean id="messageSource" class="org.springframework.context.support.ReloadableResourceBundleMessageSource">
    	<property name="basename" value="/WEB-INF/resource/errorMessages"/>
    </bean>     	
  	<!-- 配置视图解析器 -->
  	<bean class="org.springframework.web.servlet.view.InternalResourceViewResolver"
            id="internalResourceViewResolver">
       <!-- 前缀 -->
       <property name="prefix" value="/WEB-INF/jsp/" />
       <!-- 后缀 -->
       <property name="suffix" value=".jsp" />
  </bean>
</beans>