<?xml version="1.0" encoding="UTF-8"?>
<beans xmlns="http://www.springframework.org/schema/beans"
    xmlns:xsi="http://www.w3.org/2001/XMLSchema-instance"
    xmlns:p="http://www.springframework.org/schema/p"
    xmlns:context="http://www.springframework.org/schema/context"
    xmlns:mvc="http://www.springframework.org/schema/mvc"
    xsi:schemaLocation="
    	http://www.springframework.org/schema/beans 
    	http://www.springframework.org/schema/beans/spring-beans.xsd
        http://www.springframework.org/schema/context 
        http://www.springframework.org/schema/context/spring-context.xsd
        http://www.springframework.org/schema/mvc 
        http://www.springframework.org/schema/mvc/spring-mvc.xsd"> 
    <!-- 使用扫描机制，扫描包 -->
    <context:component-scan base-package="controller"/> 
    <context:component-scan base-package="service"/>
     <!-- 配置消息属性文件 -->   
    <bean id="messageSource"
        class="org.springframework.context.support.ReloadableResourceBundleMessageSource">
        <!-- 资源文件名-->
        <property name="basenames">   
         <list>    
            <value>/WEB-INF/resource/errorMessages</value>
         </list>   
        </property>
        <!-- 资源文件编码格式 -->
        <property name="fileEncodings" value="utf-8" />
        <!-- 对资源文件内容缓存时间，单位秒 -->
        <property name="cacheSeconds" value="120" />
    </bean>
    <!-- 注册校验器 -->
    <bean id="validator"
        class="org.springframework.validation.beanvalidation.LocalValidatorFactoryBean">
        <!-- hibernate校验器-->
        <property name="providerClass" value="org.hibernate.validator.HibernateValidator" />
        <!-- 指定校验使用的资源文件，在文件中配置校验错误信息，如果不指定则默认使用classpath下的ValidationMessages.properties -->
        <property name="validationMessageSource" ref="messageSource" />
    </bean>
    <!-- 开启spring的Valid功能 -->
    <mvc:annotation-driven conversion-service="conversionService" validator="validator"/>
     <!-- 注册格式化转换器 -->  
    <bean id="conversionService" class="org.springframework.format.support.FormattingConversionServiceFactoryBean">
    	<property name="formatters">
    		<set>
    			<!-- 注册自定义格式化转换器 -->
    		</set>
    	</property>
    </bean>  
  	<!-- 配置视图解析器 -->
  	<bean class="org.springframework.web.servlet.view.InternalResourceViewResolver"
            id="internalResourceViewResolver">
       <!-- 前缀 -->
       <property name="prefix" value="/WEB-INF/jsp/" />
       <!-- 后缀 -->
       <property name="suffix" value=".jsp" />
  </bean>
</beans>