<?xml version="1.0" encoding="UTF-8"?>
<beans xmlns="http://www.springframework.org/schema/beans"
    xmlns:xsi="http://www.w3.org/2001/XMLSchema-instance"
    xmlns:context="http://www.springframework.org/schema/context"
    xmlns:mvc="http://www.springframework.org/schema/mvc"
    xsi:schemaLocation="
    	http://www.springframework.org/schema/beans 
    	http://www.springframework.org/schema/beans/spring-beans.xsd
        http://www.springframework.org/schema/context 
        http://www.springframework.org/schema/context/spring-context.xsd
        http://www.springframework.org/schema/mvc 
        http://www.springframework.org/schema/mvc/spring-mvc.xsd"> 
    <!-- 使用扫描机制，扫描控制器类 -->
    <context:component-scan base-package="controller"/>  
    <mvc:annotation-driven />
    <!-- annotation-driven用于简化开发的配置，
    注解DefaultAnnotationHandlerMapping和AnnotationMethodHandlerAdapter -->
    <!-- 使用resources过滤掉不需要dispatcher servlet的资源。
    使用resources时，必须使用annotation-driven，不然resources元素会阻止任意控制器被调用。
   -->  
    <!-- 配置静态资源，允许js目录下所有文件可见 -->
    <mvc:resources location="/js/" mapping="/js/**"></mvc:resources>             	
  	<!-- 配置视图解析器 -->
  	<bean class="org.springframework.web.servlet.view.InternalResourceViewResolver"
            id="internalResourceViewResolver">
       <!-- 前缀 -->
       <property name="prefix" value="/WEB-INF/jsp/" />
       <!-- 后缀 -->
       <property name="suffix" value=".jsp" />
  </bean>
</beans>
